<?xml version="1.0" encoding="UTF-8" standalone="yes"?>
<addon id="ADDON_ID_HERE" name="REPO_NAME_HERE" version="VERSION_NUMBER_HERE" provider-name="YOUR_USERNAME_HERE">
    <extension point="xbmc.addon.repository" name="Example Repository">
        <dir>
            <info compressed="false">https://raw.githubusercontent.com/cabelw1985/repo/main/repo/zips/addons.xml</info>
            <checksum>https://raw.githubusercontent.com/cabelw1985/repo/main/repo/zips/addons.xml.md5</checksum>
            <datadir zip="true">https://github.com/cabelw1985/repo/tree/main/repo/zips/</datadir>
        </dir>
    </extension>
    <extension point="xbmc.addon.metadata">
        <summary>REPO_NAME_HERE</summary>
        <description>DESCRIPTION OF YOUR REPO HERE</description>
        <disclaimer></disclaimer>
        <platform>all</platform>
        <assets>
            <icon>icon.png</icon>
            <fanart>fanart.jpg</fanart>
        </assets>
    </extension>
</addon>